BEGIN TRANSACTION;
INSERT INTO custom_pizza ( price ) VALUES ( 10 );
INSERT INTO pizza_crusts ( pizza_id, crust_id ) VALUES ( 1, 1 );
INSERT INTO pizza_toppings ( pizza_id, topping_id ) VALUES ( 1, 1 );
INSERT INTO pizza_toppings ( pizza_id, topping_id ) VALUES ( 1, 2 );
COMMIT;
BEGIN TRANSACTION;
INSERT INTO custom_pizza ( price ) VALUES ( 12 );
INSERT INTO pizza_crusts ( pizza_id, crust_id ) VALUES ( 2, 6 );
INSERT INTO pizza_toppings ( pizza_id, topping_id ) VALUES ( 2, 3 );
INSERT INTO pizza_toppings ( pizza_id, topping_id ) VALUES ( 2, 4 );
COMMIT;
BEGIN TRANSACTION;
INSERT INTO custom_pizza ( price ) VALUES ( 10 );
INSERT INTO pizza_crusts ( pizza_id, crust_id ) VALUES ( 3, 1 );
INSERT INTO pizza_toppings ( pizza_id, topping_id ) VALUES ( 3, 1 );
INSERT INTO pizza_toppings ( pizza_id, topping_id ) VALUES ( 3, 2 );
COMMIT;
BEGIN TRANSACTION;
INSERT INTO custom_pizza ( price ) VALUES ( 12 );
INSERT INTO pizza_crusts ( pizza_id, crust_id ) VALUES ( 4, 6 );
INSERT INTO pizza_toppings ( pizza_id, topping_id ) VALUES ( 4, 3 );
INSERT INTO pizza_toppings ( pizza_id, topping_id ) VALUES ( 4, 4 );
COMMIT;

BEGIN TRANSACTION;
INSERT INTO custom_pizza ( price ) VALUES ( 10 );
INSERT INTO pizza_crusts ( pizza_id, crust_id ) VALUES ( 5, 1 );
INSERT INTO pizza_toppings ( pizza_id, topping_id ) VALUES ( 5, 1 );
INSERT INTO pizza_toppings ( pizza_id, topping_id ) VALUES ( 5, 2 );
COMMIT;
BEGIN TRANSACTION;
INSERT INTO custom_pizza ( price ) VALUES ( 12 );
INSERT INTO pizza_crusts ( pizza_id, crust_id ) VALUES ( 6, 6 );
INSERT INTO pizza_toppings ( pizza_id, topping_id ) VALUES ( 6, 3 );
INSERT INTO pizza_toppings ( pizza_id, topping_id ) VALUES ( 6, 4 );
COMMIT;
BEGIN TRANSACTION;
INSERT INTO custom_pizza ( price ) VALUES ( 10 );
INSERT INTO pizza_crusts ( pizza_id, crust_id ) VALUES ( 7, 1 );
INSERT INTO pizza_toppings ( pizza_id, topping_id ) VALUES ( 7, 1 );
INSERT INTO pizza_toppings ( pizza_id, topping_id ) VALUES ( 7, 2 );
COMMIT;
BEGIN TRANSACTION;
INSERT INTO custom_pizza ( price ) VALUES ( 12 );
INSERT INTO pizza_crusts ( pizza_id, crust_id ) VALUES ( 8, 6 );
INSERT INTO pizza_toppings ( pizza_id, topping_id ) VALUES ( 8, 3 );
INSERT INTO pizza_toppings ( pizza_id, topping_id ) VALUES ( 8, 4 );
COMMIT;
