INSERT INTO "order_data" (price) VALUES ('$99.28');
INSERT INTO "order_data" (price) VALUES ('$16.72');
INSERT INTO "order_data" (price) VALUES ('$27.40');
INSERT INTO "order_data" (price) VALUES ('$59.99');
INSERT INTO "order_data" (price) VALUES ('$22.59');
INSERT INTO "order_data" (price) VALUES ('$24.22');
INSERT INTO "order_data" (price) VALUES ('$78.22');
INSERT INTO "order_data" (price) VALUES ('$98.55');
INSERT INTO "order_data" (price) VALUES ('$89.20');
INSERT INTO "order_data" (price) VALUES ('$22.31');
INSERT INTO "order_data" (price) VALUES ('$15.70');
INSERT INTO "order_data" (price) VALUES ('$10.02');
INSERT INTO "order_data" (price) VALUES ('$58.37');
INSERT INTO "order_data" (price) VALUES ('$78.62');
INSERT INTO "order_data" (price) VALUES ('$90.38');
INSERT INTO "order_data" (price) VALUES ('$43.20');
INSERT INTO "order_data" (price) VALUES ('$49.09');
INSERT INTO "order_data" (price) VALUES ('$51.43');
INSERT INTO "order_data" (price) VALUES ('$39.54');
INSERT INTO "order_data" (price) VALUES ('$52.14');
INSERT INTO "order_data" (price) VALUES ('$58.32');
INSERT INTO "order_data" (price) VALUES ('$35.47');
INSERT INTO "order_data" (price) VALUES ('$67.96');
INSERT INTO "order_data" (price) VALUES ('$35.39');
INSERT INTO "order_data" (price) VALUES ('$47.28');
INSERT INTO "order_data" (price) VALUES ('$35.76');
INSERT INTO "order_data" (price) VALUES ('$18.36');
INSERT INTO "order_data" (price) VALUES ('$20.27');
INSERT INTO "order_data" (price) VALUES ('$53.16');
INSERT INTO "order_data" (price) VALUES ('$49.39');
INSERT INTO "order_data" (price) VALUES ('$49.52');
INSERT INTO "order_data" (price) VALUES ('$91.38');
INSERT INTO "order_data" (price) VALUES ('$47.96');
INSERT INTO "order_data" (price) VALUES ('$31.69');
INSERT INTO "order_data" (price) VALUES ('$90.36');
INSERT INTO "order_data" (price) VALUES ('$59.43');
INSERT INTO "order_data" (price) VALUES ('$10.49');
INSERT INTO "order_data" (price) VALUES ('$77.59');
INSERT INTO "order_data" (price) VALUES ('$35.19');
INSERT INTO "order_data" (price) VALUES ('$17.15');
INSERT INTO "order_data" (price) VALUES ('$76.40');
INSERT INTO "order_data" (price) VALUES ('$57.65');
INSERT INTO "order_data" (price) VALUES ('$43.19');
INSERT INTO "order_data" (price) VALUES ('$83.80');
INSERT INTO "order_data" (price) VALUES ('$50.74');
INSERT INTO "order_data" (price) VALUES ('$89.77');
INSERT INTO "order_data" (price) VALUES ('$50.14');
INSERT INTO "order_data" (price) VALUES ('$90.55');
INSERT INTO "order_data" (price) VALUES ('$33.62');
INSERT INTO "order_data" (price) VALUES ('$99.08');
INSERT INTO "order_data" (price) VALUES ('$87.00');
INSERT INTO "order_data" (price) VALUES ('$67.72');
INSERT INTO "order_data" (price) VALUES ('$75.74');
INSERT INTO "order_data" (price) VALUES ('$22.41');
INSERT INTO "order_data" (price) VALUES ('$17.65');
INSERT INTO "order_data" (price) VALUES ('$84.50');
INSERT INTO "order_data" (price) VALUES ('$16.85');
INSERT INTO "order_data" (price) VALUES ('$87.08');
INSERT INTO "order_data" (price) VALUES ('$94.51');
INSERT INTO "order_data" (price) VALUES ('$95.49');
INSERT INTO "order_data" (price) VALUES ('$27.56');
INSERT INTO "order_data" (price) VALUES ('$28.69');
INSERT INTO "order_data" (price) VALUES ('$67.24');
INSERT INTO "order_data" (price) VALUES ('$85.43');
INSERT INTO "order_data" (price) VALUES ('$62.05');
INSERT INTO "order_data" (price) VALUES ('$78.47');
INSERT INTO "order_data" (price) VALUES ('$12.26');
INSERT INTO "order_data" (price) VALUES ('$29.26');
INSERT INTO "order_data" (price) VALUES ('$8.65');
INSERT INTO "order_data" (price) VALUES ('$51.59');
INSERT INTO "order_data" (price) VALUES ('$77.68');
INSERT INTO "order_data" (price) VALUES ('$45.14');
INSERT INTO "order_data" (price) VALUES ('$21.45');
INSERT INTO "order_data" (price) VALUES ('$19.32');
INSERT INTO "order_data" (price) VALUES ('$20.54');
INSERT INTO "order_data" (price) VALUES ('$18.11');
INSERT INTO "order_data" (price) VALUES ('$62.16');
INSERT INTO "order_data" (price) VALUES ('$39.81');
INSERT INTO "order_data" (price) VALUES ('$28.70');
INSERT INTO "order_data" (price) VALUES ('$8.28');
INSERT INTO "order_data" (price) VALUES ('$50.17');
INSERT INTO "order_data" (price) VALUES ('$66.20');
INSERT INTO "order_data" (price) VALUES ('$35.25');
INSERT INTO "order_data" (price) VALUES ('$22.80');
INSERT INTO "order_data" (price) VALUES ('$35.24');
INSERT INTO "order_data" (price) VALUES ('$11.49');
INSERT INTO "order_data" (price) VALUES ('$30.17');
INSERT INTO "order_data" (price) VALUES ('$86.43');
INSERT INTO "order_data" (price) VALUES ('$9.88');
INSERT INTO "order_data" (price) VALUES ('$23.83');
INSERT INTO "order_data" (price) VALUES ('$67.96');
INSERT INTO "order_data" (price) VALUES ('$85.72');
INSERT INTO "order_data" (price) VALUES ('$26.05');
INSERT INTO "order_data" (price) VALUES ('$62.18');
INSERT INTO "order_data" (price) VALUES ('$40.80');
INSERT INTO "order_data" (price) VALUES ('$48.92');
INSERT INTO "order_data" (price) VALUES ('$73.45');
INSERT INTO "order_data" (price) VALUES ('$37.61');
INSERT INTO "order_data" (price) VALUES ('$31.70');
INSERT INTO "order_data" (price) VALUES ('$96.68');


INSERT INTO "ordered_custom_pizzas" (order_id,pizza_id) VALUES (1,10);
INSERT INTO "ordered_custom_pizzas" (order_id,pizza_id) VALUES (2,85);
INSERT INTO "ordered_custom_pizzas" (order_id,pizza_id) VALUES (3,41);
INSERT INTO "ordered_custom_pizzas" (order_id,pizza_id) VALUES (4,17);
INSERT INTO "ordered_custom_pizzas" (order_id,pizza_id) VALUES (5,27);
INSERT INTO "ordered_custom_pizzas" (order_id,pizza_id) VALUES (6,91);
INSERT INTO "ordered_custom_pizzas" (order_id,pizza_id) VALUES (7,53);
INSERT INTO "ordered_custom_pizzas" (order_id,pizza_id) VALUES (8,40);
INSERT INTO "ordered_custom_pizzas" (order_id,pizza_id) VALUES (9,23);
INSERT INTO "ordered_custom_pizzas" (order_id,pizza_id) VALUES (10,89);
INSERT INTO "ordered_custom_pizzas" (order_id,pizza_id) VALUES (11,3);
INSERT INTO "ordered_custom_pizzas" (order_id,pizza_id) VALUES (12,33);
INSERT INTO "ordered_custom_pizzas" (order_id,pizza_id) VALUES (13,28);
INSERT INTO "ordered_custom_pizzas" (order_id,pizza_id) VALUES (14,99);
INSERT INTO "ordered_custom_pizzas" (order_id,pizza_id) VALUES (15,72);
INSERT INTO "ordered_custom_pizzas" (order_id,pizza_id) VALUES (16,59);
INSERT INTO "ordered_custom_pizzas" (order_id,pizza_id) VALUES (17,12);
INSERT INTO "ordered_custom_pizzas" (order_id,pizza_id) VALUES (18,59);
INSERT INTO "ordered_custom_pizzas" (order_id,pizza_id) VALUES (19,99);
INSERT INTO "ordered_custom_pizzas" (order_id,pizza_id) VALUES (20,22);
INSERT INTO "ordered_custom_pizzas" (order_id,pizza_id) VALUES (21,58);
INSERT INTO "ordered_custom_pizzas" (order_id,pizza_id) VALUES (22,31);
INSERT INTO "ordered_custom_pizzas" (order_id,pizza_id) VALUES (23,1);
INSERT INTO "ordered_custom_pizzas" (order_id,pizza_id) VALUES (24,11);
INSERT INTO "ordered_custom_pizzas" (order_id,pizza_id) VALUES (25,3);
INSERT INTO "ordered_custom_pizzas" (order_id,pizza_id) VALUES (26,18);
INSERT INTO "ordered_custom_pizzas" (order_id,pizza_id) VALUES (27,55);
INSERT INTO "ordered_custom_pizzas" (order_id,pizza_id) VALUES (28,90);
INSERT INTO "ordered_custom_pizzas" (order_id,pizza_id) VALUES (29,41);
INSERT INTO "ordered_custom_pizzas" (order_id,pizza_id) VALUES (30,31);
INSERT INTO "ordered_custom_pizzas" (order_id,pizza_id) VALUES (31,84);
INSERT INTO "ordered_custom_pizzas" (order_id,pizza_id) VALUES (32,57);
INSERT INTO "ordered_custom_pizzas" (order_id,pizza_id) VALUES (33,90);
INSERT INTO "ordered_custom_pizzas" (order_id,pizza_id) VALUES (34,10);
INSERT INTO "ordered_custom_pizzas" (order_id,pizza_id) VALUES (35,73);
INSERT INTO "ordered_custom_pizzas" (order_id,pizza_id) VALUES (36,83);
INSERT INTO "ordered_custom_pizzas" (order_id,pizza_id) VALUES (37,47);
INSERT INTO "ordered_custom_pizzas" (order_id,pizza_id) VALUES (38,77);
INSERT INTO "ordered_custom_pizzas" (order_id,pizza_id) VALUES (39,38);
INSERT INTO "ordered_custom_pizzas" (order_id,pizza_id) VALUES (40,34);
INSERT INTO "ordered_custom_pizzas" (order_id,pizza_id) VALUES (41,58);
INSERT INTO "ordered_custom_pizzas" (order_id,pizza_id) VALUES (42,69);
INSERT INTO "ordered_custom_pizzas" (order_id,pizza_id) VALUES (43,100);
INSERT INTO "ordered_custom_pizzas" (order_id,pizza_id) VALUES (44,23);
INSERT INTO "ordered_custom_pizzas" (order_id,pizza_id) VALUES (45,19);
INSERT INTO "ordered_custom_pizzas" (order_id,pizza_id) VALUES (46,54);
INSERT INTO "ordered_custom_pizzas" (order_id,pizza_id) VALUES (47,97);
INSERT INTO "ordered_custom_pizzas" (order_id,pizza_id) VALUES (48,89);
INSERT INTO "ordered_custom_pizzas" (order_id,pizza_id) VALUES (49,99);
INSERT INTO "ordered_custom_pizzas" (order_id,pizza_id) VALUES (50,97);
INSERT INTO "ordered_custom_pizzas" (order_id,pizza_id) VALUES (51,34);
INSERT INTO "ordered_custom_pizzas" (order_id,pizza_id) VALUES (52,50);
INSERT INTO "ordered_custom_pizzas" (order_id,pizza_id) VALUES (53,4);
INSERT INTO "ordered_custom_pizzas" (order_id,pizza_id) VALUES (54,73);
INSERT INTO "ordered_custom_pizzas" (order_id,pizza_id) VALUES (55,11);
INSERT INTO "ordered_custom_pizzas" (order_id,pizza_id) VALUES (56,87);
INSERT INTO "ordered_custom_pizzas" (order_id,pizza_id) VALUES (57,31);
INSERT INTO "ordered_custom_pizzas" (order_id,pizza_id) VALUES (58,85);
INSERT INTO "ordered_custom_pizzas" (order_id,pizza_id) VALUES (59,13);
INSERT INTO "ordered_custom_pizzas" (order_id,pizza_id) VALUES (60,47);
INSERT INTO "ordered_custom_pizzas" (order_id,pizza_id) VALUES (61,6);
INSERT INTO "ordered_custom_pizzas" (order_id,pizza_id) VALUES (62,43);
INSERT INTO "ordered_custom_pizzas" (order_id,pizza_id) VALUES (63,21);
INSERT INTO "ordered_custom_pizzas" (order_id,pizza_id) VALUES (64,22);
INSERT INTO "ordered_custom_pizzas" (order_id,pizza_id) VALUES (65,52);
INSERT INTO "ordered_custom_pizzas" (order_id,pizza_id) VALUES (66,42);
INSERT INTO "ordered_custom_pizzas" (order_id,pizza_id) VALUES (67,66);
INSERT INTO "ordered_custom_pizzas" (order_id,pizza_id) VALUES (68,23);
INSERT INTO "ordered_custom_pizzas" (order_id,pizza_id) VALUES (69,37);
INSERT INTO "ordered_custom_pizzas" (order_id,pizza_id) VALUES (70,28);
INSERT INTO "ordered_custom_pizzas" (order_id,pizza_id) VALUES (71,92);
INSERT INTO "ordered_custom_pizzas" (order_id,pizza_id) VALUES (72,50);
INSERT INTO "ordered_custom_pizzas" (order_id,pizza_id) VALUES (73,96);
INSERT INTO "ordered_custom_pizzas" (order_id,pizza_id) VALUES (74,50);
INSERT INTO "ordered_custom_pizzas" (order_id,pizza_id) VALUES (75,55);
INSERT INTO "ordered_custom_pizzas" (order_id,pizza_id) VALUES (76,25);
INSERT INTO "ordered_custom_pizzas" (order_id,pizza_id) VALUES (77,96);
INSERT INTO "ordered_custom_pizzas" (order_id,pizza_id) VALUES (78,57);
INSERT INTO "ordered_custom_pizzas" (order_id,pizza_id) VALUES (79,33);
INSERT INTO "ordered_custom_pizzas" (order_id,pizza_id) VALUES (80,3);
INSERT INTO "ordered_custom_pizzas" (order_id,pizza_id) VALUES (81,59);
INSERT INTO "ordered_custom_pizzas" (order_id,pizza_id) VALUES (82,33);
INSERT INTO "ordered_custom_pizzas" (order_id,pizza_id) VALUES (83,63);
INSERT INTO "ordered_custom_pizzas" (order_id,pizza_id) VALUES (84,98);
INSERT INTO "ordered_custom_pizzas" (order_id,pizza_id) VALUES (85,98);
INSERT INTO "ordered_custom_pizzas" (order_id,pizza_id) VALUES (86,93);
INSERT INTO "ordered_custom_pizzas" (order_id,pizza_id) VALUES (87,54);
INSERT INTO "ordered_custom_pizzas" (order_id,pizza_id) VALUES (88,6);
INSERT INTO "ordered_custom_pizzas" (order_id,pizza_id) VALUES (89,91);
INSERT INTO "ordered_custom_pizzas" (order_id,pizza_id) VALUES (90,85);
INSERT INTO "ordered_custom_pizzas" (order_id,pizza_id) VALUES (91,96);
INSERT INTO "ordered_custom_pizzas" (order_id,pizza_id) VALUES (92,57);
INSERT INTO "ordered_custom_pizzas" (order_id,pizza_id) VALUES (93,42);
INSERT INTO "ordered_custom_pizzas" (order_id,pizza_id) VALUES (94,9);
INSERT INTO "ordered_custom_pizzas" (order_id,pizza_id) VALUES (95,49);
INSERT INTO "ordered_custom_pizzas" (order_id,pizza_id) VALUES (96,73);
INSERT INTO "ordered_custom_pizzas" (order_id,pizza_id) VALUES (97,8);
INSERT INTO "ordered_custom_pizzas" (order_id,pizza_id) VALUES (98,98);
INSERT INTO "ordered_custom_pizzas" (order_id,pizza_id) VALUES (99,98);
INSERT INTO "ordered_custom_pizzas" (order_id,pizza_id) VALUES (100,81);


INSERT INTO "ordered_specialty_pizzas" (order_id,pizza_id) VALUES (1,9);
INSERT INTO "ordered_specialty_pizzas" (order_id,pizza_id) VALUES (2,9);
INSERT INTO "ordered_specialty_pizzas" (order_id,pizza_id) VALUES (3,2);
INSERT INTO "ordered_specialty_pizzas" (order_id,pizza_id) VALUES (4,6);
INSERT INTO "ordered_specialty_pizzas" (order_id,pizza_id) VALUES (5,6);
INSERT INTO "ordered_specialty_pizzas" (order_id,pizza_id) VALUES (6,10);
INSERT INTO "ordered_specialty_pizzas" (order_id,pizza_id) VALUES (7,9);
INSERT INTO "ordered_specialty_pizzas" (order_id,pizza_id) VALUES (8,3);
INSERT INTO "ordered_specialty_pizzas" (order_id,pizza_id) VALUES (9,2);
INSERT INTO "ordered_specialty_pizzas" (order_id,pizza_id) VALUES (10,1);
INSERT INTO "ordered_specialty_pizzas" (order_id,pizza_id) VALUES (11,10);
INSERT INTO "ordered_specialty_pizzas" (order_id,pizza_id) VALUES (12,8);
INSERT INTO "ordered_specialty_pizzas" (order_id,pizza_id) VALUES (13,4);
INSERT INTO "ordered_specialty_pizzas" (order_id,pizza_id) VALUES (14,10);
INSERT INTO "ordered_specialty_pizzas" (order_id,pizza_id) VALUES (15,1);
INSERT INTO "ordered_specialty_pizzas" (order_id,pizza_id) VALUES (16,10);
INSERT INTO "ordered_specialty_pizzas" (order_id,pizza_id) VALUES (17,6);
INSERT INTO "ordered_specialty_pizzas" (order_id,pizza_id) VALUES (18,5);
INSERT INTO "ordered_specialty_pizzas" (order_id,pizza_id) VALUES (19,9);
INSERT INTO "ordered_specialty_pizzas" (order_id,pizza_id) VALUES (20,8);
INSERT INTO "ordered_specialty_pizzas" (order_id,pizza_id) VALUES (21,3);
INSERT INTO "ordered_specialty_pizzas" (order_id,pizza_id) VALUES (22,4);
INSERT INTO "ordered_specialty_pizzas" (order_id,pizza_id) VALUES (23,10);
INSERT INTO "ordered_specialty_pizzas" (order_id,pizza_id) VALUES (24,5);
INSERT INTO "ordered_specialty_pizzas" (order_id,pizza_id) VALUES (25,5);
INSERT INTO "ordered_specialty_pizzas" (order_id,pizza_id) VALUES (26,10);
INSERT INTO "ordered_specialty_pizzas" (order_id,pizza_id) VALUES (27,3);
INSERT INTO "ordered_specialty_pizzas" (order_id,pizza_id) VALUES (28,5);
INSERT INTO "ordered_specialty_pizzas" (order_id,pizza_id) VALUES (29,4);
INSERT INTO "ordered_specialty_pizzas" (order_id,pizza_id) VALUES (30,9);
INSERT INTO "ordered_specialty_pizzas" (order_id,pizza_id) VALUES (31,1);
INSERT INTO "ordered_specialty_pizzas" (order_id,pizza_id) VALUES (32,10);
INSERT INTO "ordered_specialty_pizzas" (order_id,pizza_id) VALUES (33,10);
INSERT INTO "ordered_specialty_pizzas" (order_id,pizza_id) VALUES (34,4);
INSERT INTO "ordered_specialty_pizzas" (order_id,pizza_id) VALUES (35,10);
INSERT INTO "ordered_specialty_pizzas" (order_id,pizza_id) VALUES (36,5);
INSERT INTO "ordered_specialty_pizzas" (order_id,pizza_id) VALUES (37,3);
INSERT INTO "ordered_specialty_pizzas" (order_id,pizza_id) VALUES (38,6);
INSERT INTO "ordered_specialty_pizzas" (order_id,pizza_id) VALUES (39,7);
INSERT INTO "ordered_specialty_pizzas" (order_id,pizza_id) VALUES (40,4);
INSERT INTO "ordered_specialty_pizzas" (order_id,pizza_id) VALUES (41,3);
INSERT INTO "ordered_specialty_pizzas" (order_id,pizza_id) VALUES (42,3);
INSERT INTO "ordered_specialty_pizzas" (order_id,pizza_id) VALUES (43,2);
INSERT INTO "ordered_specialty_pizzas" (order_id,pizza_id) VALUES (44,6);
INSERT INTO "ordered_specialty_pizzas" (order_id,pizza_id) VALUES (45,6);
INSERT INTO "ordered_specialty_pizzas" (order_id,pizza_id) VALUES (46,5);
INSERT INTO "ordered_specialty_pizzas" (order_id,pizza_id) VALUES (47,2);
INSERT INTO "ordered_specialty_pizzas" (order_id,pizza_id) VALUES (48,2);
INSERT INTO "ordered_specialty_pizzas" (order_id,pizza_id) VALUES (49,4);
INSERT INTO "ordered_specialty_pizzas" (order_id,pizza_id) VALUES (50,8);
INSERT INTO "ordered_specialty_pizzas" (order_id,pizza_id) VALUES (51,1);
INSERT INTO "ordered_specialty_pizzas" (order_id,pizza_id) VALUES (52,5);
INSERT INTO "ordered_specialty_pizzas" (order_id,pizza_id) VALUES (53,5);
INSERT INTO "ordered_specialty_pizzas" (order_id,pizza_id) VALUES (54,9);
INSERT INTO "ordered_specialty_pizzas" (order_id,pizza_id) VALUES (55,7);
INSERT INTO "ordered_specialty_pizzas" (order_id,pizza_id) VALUES (56,5);
INSERT INTO "ordered_specialty_pizzas" (order_id,pizza_id) VALUES (57,7);
INSERT INTO "ordered_specialty_pizzas" (order_id,pizza_id) VALUES (58,5);
INSERT INTO "ordered_specialty_pizzas" (order_id,pizza_id) VALUES (59,8);
INSERT INTO "ordered_specialty_pizzas" (order_id,pizza_id) VALUES (60,7);
INSERT INTO "ordered_specialty_pizzas" (order_id,pizza_id) VALUES (61,2);
INSERT INTO "ordered_specialty_pizzas" (order_id,pizza_id) VALUES (62,4);
INSERT INTO "ordered_specialty_pizzas" (order_id,pizza_id) VALUES (63,6);
INSERT INTO "ordered_specialty_pizzas" (order_id,pizza_id) VALUES (64,10);
INSERT INTO "ordered_specialty_pizzas" (order_id,pizza_id) VALUES (65,5);
INSERT INTO "ordered_specialty_pizzas" (order_id,pizza_id) VALUES (66,4);
INSERT INTO "ordered_specialty_pizzas" (order_id,pizza_id) VALUES (67,3);
INSERT INTO "ordered_specialty_pizzas" (order_id,pizza_id) VALUES (68,2);
INSERT INTO "ordered_specialty_pizzas" (order_id,pizza_id) VALUES (69,3);
INSERT INTO "ordered_specialty_pizzas" (order_id,pizza_id) VALUES (70,5);
INSERT INTO "ordered_specialty_pizzas" (order_id,pizza_id) VALUES (71,8);
INSERT INTO "ordered_specialty_pizzas" (order_id,pizza_id) VALUES (72,3);
INSERT INTO "ordered_specialty_pizzas" (order_id,pizza_id) VALUES (73,7);
INSERT INTO "ordered_specialty_pizzas" (order_id,pizza_id) VALUES (74,5);
INSERT INTO "ordered_specialty_pizzas" (order_id,pizza_id) VALUES (75,2);
INSERT INTO "ordered_specialty_pizzas" (order_id,pizza_id) VALUES (76,7);
INSERT INTO "ordered_specialty_pizzas" (order_id,pizza_id) VALUES (77,8);
INSERT INTO "ordered_specialty_pizzas" (order_id,pizza_id) VALUES (78,8);
INSERT INTO "ordered_specialty_pizzas" (order_id,pizza_id) VALUES (79,6);
INSERT INTO "ordered_specialty_pizzas" (order_id,pizza_id) VALUES (80,8);
INSERT INTO "ordered_specialty_pizzas" (order_id,pizza_id) VALUES (81,8);
INSERT INTO "ordered_specialty_pizzas" (order_id,pizza_id) VALUES (82,7);
INSERT INTO "ordered_specialty_pizzas" (order_id,pizza_id) VALUES (83,7);
INSERT INTO "ordered_specialty_pizzas" (order_id,pizza_id) VALUES (84,3);
INSERT INTO "ordered_specialty_pizzas" (order_id,pizza_id) VALUES (85,1);
INSERT INTO "ordered_specialty_pizzas" (order_id,pizza_id) VALUES (86,7);
INSERT INTO "ordered_specialty_pizzas" (order_id,pizza_id) VALUES (87,3);
INSERT INTO "ordered_specialty_pizzas" (order_id,pizza_id) VALUES (88,10);
INSERT INTO "ordered_specialty_pizzas" (order_id,pizza_id) VALUES (89,10);
INSERT INTO "ordered_specialty_pizzas" (order_id,pizza_id) VALUES (90,7);
INSERT INTO "ordered_specialty_pizzas" (order_id,pizza_id) VALUES (91,2);
INSERT INTO "ordered_specialty_pizzas" (order_id,pizza_id) VALUES (92,3);
INSERT INTO "ordered_specialty_pizzas" (order_id,pizza_id) VALUES (93,6);
INSERT INTO "ordered_specialty_pizzas" (order_id,pizza_id) VALUES (94,2);
INSERT INTO "ordered_specialty_pizzas" (order_id,pizza_id) VALUES (95,7);
INSERT INTO "ordered_specialty_pizzas" (order_id,pizza_id) VALUES (96,4);
INSERT INTO "ordered_specialty_pizzas" (order_id,pizza_id) VALUES (97,7);
INSERT INTO "ordered_specialty_pizzas" (order_id,pizza_id) VALUES (98,9);
INSERT INTO "ordered_specialty_pizzas" (order_id,pizza_id) VALUES (99,10);
INSERT INTO "ordered_specialty_pizzas" (order_id,pizza_id) VALUES (100,1);


INSERT INTO "ordered_beverages" (order_id,beverage_id) VALUES (1,9);
INSERT INTO "ordered_beverages" (order_id,beverage_id) VALUES (2,2);
INSERT INTO "ordered_beverages" (order_id,beverage_id) VALUES (3,6);
INSERT INTO "ordered_beverages" (order_id,beverage_id) VALUES (4,2);
INSERT INTO "ordered_beverages" (order_id,beverage_id) VALUES (5,4);
INSERT INTO "ordered_beverages" (order_id,beverage_id) VALUES (6,10);
INSERT INTO "ordered_beverages" (order_id,beverage_id) VALUES (7,7);
INSERT INTO "ordered_beverages" (order_id,beverage_id) VALUES (8,8);
INSERT INTO "ordered_beverages" (order_id,beverage_id) VALUES (9,7);
INSERT INTO "ordered_beverages" (order_id,beverage_id) VALUES (10,8);
INSERT INTO "ordered_beverages" (order_id,beverage_id) VALUES (11,2);
INSERT INTO "ordered_beverages" (order_id,beverage_id) VALUES (12,10);
INSERT INTO "ordered_beverages" (order_id,beverage_id) VALUES (13,8);
INSERT INTO "ordered_beverages" (order_id,beverage_id) VALUES (14,10);
INSERT INTO "ordered_beverages" (order_id,beverage_id) VALUES (15,2);
INSERT INTO "ordered_beverages" (order_id,beverage_id) VALUES (16,10);
INSERT INTO "ordered_beverages" (order_id,beverage_id) VALUES (17,9);
INSERT INTO "ordered_beverages" (order_id,beverage_id) VALUES (18,4);
INSERT INTO "ordered_beverages" (order_id,beverage_id) VALUES (19,3);
INSERT INTO "ordered_beverages" (order_id,beverage_id) VALUES (20,2);
INSERT INTO "ordered_beverages" (order_id,beverage_id) VALUES (21,2);
INSERT INTO "ordered_beverages" (order_id,beverage_id) VALUES (22,8);
INSERT INTO "ordered_beverages" (order_id,beverage_id) VALUES (23,1);
INSERT INTO "ordered_beverages" (order_id,beverage_id) VALUES (24,2);
INSERT INTO "ordered_beverages" (order_id,beverage_id) VALUES (25,8);
INSERT INTO "ordered_beverages" (order_id,beverage_id) VALUES (26,6);
INSERT INTO "ordered_beverages" (order_id,beverage_id) VALUES (27,7);
INSERT INTO "ordered_beverages" (order_id,beverage_id) VALUES (28,1);
INSERT INTO "ordered_beverages" (order_id,beverage_id) VALUES (29,6);
INSERT INTO "ordered_beverages" (order_id,beverage_id) VALUES (30,8);
INSERT INTO "ordered_beverages" (order_id,beverage_id) VALUES (31,7);
INSERT INTO "ordered_beverages" (order_id,beverage_id) VALUES (32,2);
INSERT INTO "ordered_beverages" (order_id,beverage_id) VALUES (33,9);
INSERT INTO "ordered_beverages" (order_id,beverage_id) VALUES (34,9);
INSERT INTO "ordered_beverages" (order_id,beverage_id) VALUES (35,9);
INSERT INTO "ordered_beverages" (order_id,beverage_id) VALUES (36,9);
INSERT INTO "ordered_beverages" (order_id,beverage_id) VALUES (37,10);
INSERT INTO "ordered_beverages" (order_id,beverage_id) VALUES (38,7);
INSERT INTO "ordered_beverages" (order_id,beverage_id) VALUES (39,8);
INSERT INTO "ordered_beverages" (order_id,beverage_id) VALUES (40,7);
INSERT INTO "ordered_beverages" (order_id,beverage_id) VALUES (41,4);
INSERT INTO "ordered_beverages" (order_id,beverage_id) VALUES (42,7);
INSERT INTO "ordered_beverages" (order_id,beverage_id) VALUES (43,7);
INSERT INTO "ordered_beverages" (order_id,beverage_id) VALUES (44,9);
INSERT INTO "ordered_beverages" (order_id,beverage_id) VALUES (45,2);
INSERT INTO "ordered_beverages" (order_id,beverage_id) VALUES (46,3);
INSERT INTO "ordered_beverages" (order_id,beverage_id) VALUES (47,6);
INSERT INTO "ordered_beverages" (order_id,beverage_id) VALUES (48,4);
INSERT INTO "ordered_beverages" (order_id,beverage_id) VALUES (49,1);
INSERT INTO "ordered_beverages" (order_id,beverage_id) VALUES (50,10);
INSERT INTO "ordered_beverages" (order_id,beverage_id) VALUES (51,9);
INSERT INTO "ordered_beverages" (order_id,beverage_id) VALUES (52,4);
INSERT INTO "ordered_beverages" (order_id,beverage_id) VALUES (53,6);
INSERT INTO "ordered_beverages" (order_id,beverage_id) VALUES (54,2);
INSERT INTO "ordered_beverages" (order_id,beverage_id) VALUES (55,7);
INSERT INTO "ordered_beverages" (order_id,beverage_id) VALUES (56,4);
INSERT INTO "ordered_beverages" (order_id,beverage_id) VALUES (57,7);
INSERT INTO "ordered_beverages" (order_id,beverage_id) VALUES (58,7);
INSERT INTO "ordered_beverages" (order_id,beverage_id) VALUES (59,6);
INSERT INTO "ordered_beverages" (order_id,beverage_id) VALUES (60,4);
INSERT INTO "ordered_beverages" (order_id,beverage_id) VALUES (61,6);
INSERT INTO "ordered_beverages" (order_id,beverage_id) VALUES (62,4);
INSERT INTO "ordered_beverages" (order_id,beverage_id) VALUES (63,4);
INSERT INTO "ordered_beverages" (order_id,beverage_id) VALUES (64,2);
INSERT INTO "ordered_beverages" (order_id,beverage_id) VALUES (65,1);
INSERT INTO "ordered_beverages" (order_id,beverage_id) VALUES (66,3);
INSERT INTO "ordered_beverages" (order_id,beverage_id) VALUES (67,1);
INSERT INTO "ordered_beverages" (order_id,beverage_id) VALUES (68,8);
INSERT INTO "ordered_beverages" (order_id,beverage_id) VALUES (69,9);
INSERT INTO "ordered_beverages" (order_id,beverage_id) VALUES (70,6);
INSERT INTO "ordered_beverages" (order_id,beverage_id) VALUES (71,10);
INSERT INTO "ordered_beverages" (order_id,beverage_id) VALUES (72,7);
INSERT INTO "ordered_beverages" (order_id,beverage_id) VALUES (73,9);
INSERT INTO "ordered_beverages" (order_id,beverage_id) VALUES (74,4);
INSERT INTO "ordered_beverages" (order_id,beverage_id) VALUES (75,5);
INSERT INTO "ordered_beverages" (order_id,beverage_id) VALUES (76,1);
INSERT INTO "ordered_beverages" (order_id,beverage_id) VALUES (77,3);
INSERT INTO "ordered_beverages" (order_id,beverage_id) VALUES (78,9);
INSERT INTO "ordered_beverages" (order_id,beverage_id) VALUES (79,9);
INSERT INTO "ordered_beverages" (order_id,beverage_id) VALUES (80,2);
INSERT INTO "ordered_beverages" (order_id,beverage_id) VALUES (81,5);
INSERT INTO "ordered_beverages" (order_id,beverage_id) VALUES (82,7);
INSERT INTO "ordered_beverages" (order_id,beverage_id) VALUES (83,6);
INSERT INTO "ordered_beverages" (order_id,beverage_id) VALUES (84,6);
INSERT INTO "ordered_beverages" (order_id,beverage_id) VALUES (85,10);
INSERT INTO "ordered_beverages" (order_id,beverage_id) VALUES (86,10);
INSERT INTO "ordered_beverages" (order_id,beverage_id) VALUES (87,4);
INSERT INTO "ordered_beverages" (order_id,beverage_id) VALUES (88,9);
INSERT INTO "ordered_beverages" (order_id,beverage_id) VALUES (89,10);
INSERT INTO "ordered_beverages" (order_id,beverage_id) VALUES (90,5);
INSERT INTO "ordered_beverages" (order_id,beverage_id) VALUES (91,3);
INSERT INTO "ordered_beverages" (order_id,beverage_id) VALUES (92,1);
INSERT INTO "ordered_beverages" (order_id,beverage_id) VALUES (93,5);
INSERT INTO "ordered_beverages" (order_id,beverage_id) VALUES (94,9);
INSERT INTO "ordered_beverages" (order_id,beverage_id) VALUES (95,7);
INSERT INTO "ordered_beverages" (order_id,beverage_id) VALUES (96,2);
INSERT INTO "ordered_beverages" (order_id,beverage_id) VALUES (97,1);
INSERT INTO "ordered_beverages" (order_id,beverage_id) VALUES (98,7);
INSERT INTO "ordered_beverages" (order_id,beverage_id) VALUES (99,3);
INSERT INTO "ordered_beverages" (order_id,beverage_id) VALUES (100,7);
